FIPS,Geo_QName,Geo_FILEID,Geo_STUSAB,Geo_SUMLEV,Geo_GEOCOMP,Geo_LOGRECNO,Geo_STATE,Geo_COUNTY,Geo_TRACT,Geo_GEOID,Geo_NAME,Geo_BTTR,Total,No Health Insurance,With Health Insurance,Public Health Insurance,Private Health Insurance,Percent No Health Insurance,Percent With Health Insurance,Percent Public Health Insurance,Percent Private Health Insurance
06075010101,"Census Tract 101.01, San Francisco County, California",ACSSF,ca,140,0,9875,6,75,10101,14000US06075010101,Census Tract 101.01,,2118,129,1989,551,1550,6.09,93.91,26.02,73.18
06075010102,"Census Tract 101.02, San Francisco County, California",ACSSF,ca,140,0,9876,6,75,10102,14000US06075010102,Census Tract 101.02,,1783,0,1783,1045,932,0,100,58.61,52.27
06075010201,"Census Tract 102.01, San Francisco County, California",ACSSF,ca,140,0,9877,6,75,10201,14000US06075010201,Census Tract 102.01,,2499,29,2470,474,2361,1.16,98.84,18.97,94.48
06075010202,"Census Tract 102.02, San Francisco County, California",ACSSF,ca,140,0,9878,6,75,10202,14000US06075010202,Census Tract 102.02,,1891,0,1891,417,1681,0,100,22.05,88.89
06075010300,"Census Tract 103, San Francisco County, California",ACSSF,ca,140,0,9879,6,75,10300,14000US06075010300,Census Tract 103,,3996,53,3943,1096,3314,1.33,98.67,27.43,82.93
06075010401,"Census Tract 104.01, San Francisco County, California",ACSSF,ca,140,0,9880,6,75,10401,14000US06075010401,Census Tract 104.01,,2202,11,2191,373,1999,0.5,99.5,16.94,90.78
06075010402,"Census Tract 104.02, San Francisco County, California",ACSSF,ca,140,0,9881,6,75,10402,14000US06075010402,Census Tract 104.02,,2292,149,2143,545,1775,6.5,93.5,23.78,77.44
06075010500,"Census Tract 105, San Francisco County, California",ACSSF,ca,140,0,9882,6,75,10500,14000US06075010500,Census Tract 105,,3430,102,3328,1471,2313,2.97,97.03,42.89,67.43
06075010600,"Census Tract 106, San Francisco County, California",ACSSF,ca,140,0,9883,6,75,10600,14000US06075010600,Census Tract 106,,3277,198,3079,1179,2165,6.04,93.96,35.98,66.07
06075010701,"Census Tract 107.01, San Francisco County, California",ACSSF,ca,140,0,9884,6,75,10701,14000US06075010701,Census Tract 107.01,,3458,100,3358,2481,1025,2.89,97.11,71.75,29.64
06075010702,"Census Tract 107.02, San Francisco County, California",ACSSF,ca,140,0,9885,6,75,10702,14000US06075010702,Census Tract 107.02,,1584,143,1441,575,1068,9.03,90.97,36.3,67.42
06075010800,"Census Tract 108, San Francisco County, California",ACSSF,ca,140,0,9886,6,75,10800,14000US06075010800,Census Tract 108,,4999,166,4833,1612,3728,3.32,96.68,32.25,74.57
06075010901,"Census Tract 109.01, San Francisco County, California",ACSSF,ca,140,0,9887,6,75,10901,14000US06075010901,Census Tract 109.01,,1948,13,1935,350,1837,0.67,99.33,17.97,94.3
06075010902,"Census Tract 109.02, San Francisco County, California",ACSSF,ca,140,0,9888,6,75,10902,14000US06075010902,Census Tract 109.02,,2403,54,2349,551,1966,2.25,97.75,22.93,81.81
06075011001,"Census Tract 110.01, San Francisco County, California",ACSSF,ca,140,0,9889,6,75,11001,14000US06075011001,Census Tract 110.01,,2628,194,2434,551,2107,7.38,92.62,20.97,80.18
06075011002,"Census Tract 110.02, San Francisco County, California",ACSSF,ca,140,0,9890,6,75,11002,14000US06075011002,Census Tract 110.02,,2249,134,2115,566,1754,5.96,94.04,25.17,77.99
06075011101,"Census Tract 111.01, San Francisco County, California",ACSSF,ca,140,0,9891,6,75,11101,14000US06075011101,Census Tract 111.01,,2528,21,2507,779,2123,0.83,99.17,30.81,83.98
06075011102,"Census Tract 111.02, San Francisco County, California",ACSSF,ca,140,0,9892,6,75,11102,14000US06075011102,Census Tract 111.02,,1981,93,1888,533,1413,4.69,95.31,26.91,71.33
06075011200,"Census Tract 112, San Francisco County, California",ACSSF,ca,140,0,9893,6,75,11200,14000US06075011200,Census Tract 112,,3120,83,3037,822,2604,2.66,97.34,26.35,83.46
06075011300,"Census Tract 113, San Francisco County, California",ACSSF,ca,140,0,9894,6,75,11300,14000US06075011300,Census Tract 113,,2801,42,2759,1665,1394,1.5,98.5,59.44,49.77
06075011700,"Census Tract 117, San Francisco County, California",ACSSF,ca,140,0,9895,6,75,11700,14000US06075011700,Census Tract 117,,1800,136,1664,797,1121,7.56,92.44,44.28,62.28
06075011800,"Census Tract 118, San Francisco County, California",ACSSF,ca,140,0,9896,6,75,11800,14000US06075011800,Census Tract 118,,1658,62,1596,922,765,3.74,96.26,55.61,46.14
06075011901,"Census Tract 119.01, San Francisco County, California",ACSSF,ca,140,0,9897,6,75,11901,14000US06075011901,Census Tract 119.01,,2298,95,2203,419,2027,4.13,95.87,18.23,88.21
06075011902,"Census Tract 119.02, San Francisco County, California",ACSSF,ca,140,0,9898,6,75,11902,14000US06075011902,Census Tract 119.02,,2771,82,2689,859,1990,2.96,97.04,31,71.82
06075012001,"Census Tract 120.01, San Francisco County, California",ACSSF,ca,140,0,9899,6,75,12001,14000US06075012001,Census Tract 120.01,,1834,18,1816,532,1369,0.98,99.02,29.01,74.65
06075012002,"Census Tract 120.02, San Francisco County, California",ACSSF,ca,140,0,9900,6,75,12002,14000US06075012002,Census Tract 120.02,,2202,289,1913,471,1463,13.12,86.88,21.39,66.44
06075012100,"Census Tract 121, San Francisco County, California",ACSSF,ca,140,0,9901,6,75,12100,14000US06075012100,Census Tract 121,,3846,129,3717,671,3324,3.35,96.65,17.45,86.43
06075012202,"Census Tract 122.02, San Francisco County, California",ACSSF,ca,140,0,9902,6,75,12202,14000US06075012202,Census Tract 122.02,,2807,239,2568,1371,1464,8.51,91.49,48.84,52.16
06075012203,"Census Tract 122.03, San Francisco County, California",ACSSF,ca,140,0,9903,6,75,12203,14000US06075012203,Census Tract 122.03,,1834,128,1706,936,802,6.98,93.02,51.04,43.73
06075012204,"Census Tract 122.04, San Francisco County, California",ACSSF,ca,140,0,9904,6,75,12204,14000US06075012204,Census Tract 122.04,,2763,209,2554,865,1902,7.56,92.44,31.31,68.84
06075012301,"Census Tract 123.01, San Francisco County, California",ACSSF,ca,140,0,9905,6,75,12301,14000US06075012301,Census Tract 123.01,,1887,69,1818,1190,818,3.66,96.34,63.06,43.35
06075012302,"Census Tract 123.02, San Francisco County, California",ACSSF,ca,140,0,9906,6,75,12302,14000US06075012302,Census Tract 123.02,,2600,134,2466,904,1663,5.15,94.85,34.77,63.96
06075012403,"Census Tract 124.03, San Francisco County, California",ACSSF,ca,140,0,9907,6,75,12403,14000US06075012403,Census Tract 124.03,,2591,45,2546,1669,1025,1.74,98.26,64.42,39.56
06075012404,"Census Tract 124.04, San Francisco County, California",ACSSF,ca,140,0,9908,6,75,12404,14000US06075012404,Census Tract 124.04,,2566,74,2492,1522,1153,2.88,97.12,59.31,44.93
06075012405,"Census Tract 124.05, San Francisco County, California",ACSSF,ca,140,0,9909,6,75,12405,14000US06075012405,Census Tract 124.05,,3817,168,3649,1096,2792,4.4,95.6,28.71,73.15
06075012406,"Census Tract 124.06, San Francisco County, California",ACSSF,ca,140,0,9910,6,75,12406,14000US06075012406,Census Tract 124.06,,1463,10,1453,801,747,0.68,99.32,54.75,51.06
06075012502,"Census Tract 125.02, San Francisco County, California",ACSSF,ca,140,0,9911,6,75,12502,14000US06075012502,Census Tract 125.02,,4188,452,3736,2843,1265,10.79,89.21,67.88,30.21
06075012503,"Census Tract 125.03, San Francisco County, California",ACSSF,ca,140,0,9912,6,75,12503,14000US06075012503,Census Tract 125.03,,3788,311,3477,2497,1303,8.21,91.79,65.92,34.4
06075012504,"Census Tract 125.04, San Francisco County, California",ACSSF,ca,140,0,9913,6,75,12504,14000US06075012504,Census Tract 125.04,,617,0,617,480,183,0,100,77.8,29.66
06075012601,"Census Tract 126.01, San Francisco County, California",ACSSF,ca,140,0,9914,6,75,12601,14000US06075012601,Census Tract 126.01,,2241,0,2241,227,2149,0,100,10.13,95.89
06075012602,"Census Tract 126.02, San Francisco County, California",ACSSF,ca,140,0,9915,6,75,12602,14000US06075012602,Census Tract 126.02,,2977,77,2900,449,2648,2.59,97.41,15.08,88.95
06075012700,"Census Tract 127, San Francisco County, California",ACSSF,ca,140,0,9916,6,75,12700,14000US06075012700,Census Tract 127,,4031,164,3867,720,3637,4.07,95.93,17.86,90.23
06075012801,"Census Tract 128.01, San Francisco County, California",ACSSF,ca,140,0,9917,6,75,12801,14000US06075012801,Census Tract 128.01,,2791,28,2763,512,2579,1,99,18.34,92.4
06075012802,"Census Tract 128.02, San Francisco County, California",ACSSF,ca,140,0,9918,6,75,12802,14000US06075012802,Census Tract 128.02,,2012,7,2005,232,1896,0.35,99.65,11.53,94.23
06075012901,"Census Tract 129.01, San Francisco County, California",ACSSF,ca,140,0,9919,6,75,12901,14000US06075012901,Census Tract 129.01,,2813,12,2801,337,2659,0.43,99.57,11.98,94.53
06075012902,"Census Tract 129.02, San Francisco County, California",ACSSF,ca,140,0,9920,6,75,12902,14000US06075012902,Census Tract 129.02,,3526,31,3495,507,3308,0.88,99.12,14.38,93.82
06075013001,"Census Tract 130.01, San Francisco County, California",ACSSF,ca,140,0,9921,6,75,13001,14000US06075013001,Census Tract 130.01,,1758,32,1726,213,1679,1.82,98.18,12.12,95.51
06075013002,"Census Tract 130.02, San Francisco County, California",ACSSF,ca,140,0,9922,6,75,13002,14000US06075013002,Census Tract 130.02,,2800,0,2800,161,2786,0,100,5.75,99.5
06075013101,"Census Tract 131.01, San Francisco County, California",ACSSF,ca,140,0,9923,6,75,13101,14000US06075013101,Census Tract 131.01,,4071,131,3940,665,3596,3.22,96.78,16.34,88.33
06075013102,"Census Tract 131.02, San Francisco County, California",ACSSF,ca,140,0,9924,6,75,13102,14000US06075013102,Census Tract 131.02,,2951,48,2903,537,2628,1.63,98.37,18.2,89.05
06075013200,"Census Tract 132, San Francisco County, California",ACSSF,ca,140,0,9925,6,75,13200,14000US06075013200,Census Tract 132,,4456,1,4455,1140,3929,0.02,99.98,25.58,88.17
06075013300,"Census Tract 133, San Francisco County, California",ACSSF,ca,140,0,9926,6,75,13300,14000US06075013300,Census Tract 133,,4456,41,4415,1266,3611,0.92,99.08,28.41,81.04
06075013401,"Census Tract 134.01, San Francisco County, California",ACSSF,ca,140,0,9927,6,75,13401,14000US06075013401,Census Tract 134.01,,1431,20,1411,224,1300,1.4,98.6,15.65,90.85
06075013402,"Census Tract 134.02, San Francisco County, California",ACSSF,ca,140,0,9928,6,75,13402,14000US06075013402,Census Tract 134.02,,2239,0,2239,546,2013,0,100,24.39,89.91
06075013500,"Census Tract 135, San Francisco County, California",ACSSF,ca,140,0,9929,6,75,13500,14000US06075013500,Census Tract 135,,2438,82,2356,457,2106,3.36,96.64,18.74,86.38
06075015100,"Census Tract 151, San Francisco County, California",ACSSF,ca,140,0,9930,6,75,15100,14000US06075015100,Census Tract 151,,2799,30,2769,759,2370,1.07,98.93,27.12,84.67
06075015201,"Census Tract 152.01, San Francisco County, California",ACSSF,ca,140,0,9931,6,75,15201,14000US06075015201,Census Tract 152.01,,1713,143,1570,575,1103,8.35,91.65,33.57,64.39
06075015202,"Census Tract 152.02, San Francisco County, California",ACSSF,ca,140,0,9932,6,75,15202,14000US06075015202,Census Tract 152.02,,2195,149,2046,451,1779,6.79,93.21,20.55,81.05
06075015300,"Census Tract 153, San Francisco County, California",ACSSF,ca,140,0,9933,6,75,15300,14000US06075015300,Census Tract 153,,2099,47,2052,367,1892,2.24,97.76,17.48,90.14
06075015401,"Census Tract 154.01, San Francisco County, California",ACSSF,ca,140,0,9934,6,75,15401,14000US06075015401,Census Tract 154.01,,3342,121,3221,700,2877,3.62,96.38,20.95,86.09
06075015402,"Census Tract 154.02, San Francisco County, California",ACSSF,ca,140,0,9935,6,75,15402,14000US06075015402,Census Tract 154.02,,2643,23,2620,315,2503,0.87,99.13,11.92,94.7
06075015500,"Census Tract 155, San Francisco County, California",ACSSF,ca,140,0,9936,6,75,15500,14000US06075015500,Census Tract 155,,3627,55,3572,1623,2611,1.52,98.48,44.75,71.99
06075015600,"Census Tract 156, San Francisco County, California",ACSSF,ca,140,0,9937,6,75,15600,14000US06075015600,Census Tract 156,,2923,13,2910,1090,2343,0.44,99.56,37.29,80.16
06075015701,"Census Tract 157.01, San Francisco County, California",ACSSF,ca,140,0,9938,6,75,15701,14000US06075015701,Census Tract 157.01,,5327,302,5025,575,4581,5.67,94.33,10.79,86
06075015702,"Census Tract 157.02, San Francisco County, California",ACSSF,ca,140,0,9939,6,75,15702,14000US06075015702,Census Tract 157.02,,3420,155,3265,390,3200,4.53,95.47,11.4,93.57
06075015801,"Census Tract 158.01, San Francisco County, California",ACSSF,ca,140,0,9940,6,75,15801,14000US06075015801,Census Tract 158.01,,3399,201,3198,1352,2230,5.91,94.09,39.78,65.61
06075015802,"Census Tract 158.02, San Francisco County, California",ACSSF,ca,140,0,9941,6,75,15802,14000US06075015802,Census Tract 158.02,,3562,144,3418,615,3042,4.04,95.96,17.27,85.4
06075015900,"Census Tract 159, San Francisco County, California",ACSSF,ca,140,0,9942,6,75,15900,14000US06075015900,Census Tract 159,,4761,311,4450,1858,3103,6.53,93.47,39.03,65.18
06075016000,"Census Tract 160, San Francisco County, California",ACSSF,ca,140,0,9943,6,75,16000,14000US06075016000,Census Tract 160,,2498,69,2429,837,1855,2.76,97.24,33.51,74.26
06075016101,"Census Tract 161.01, San Francisco County, California",ACSSF,ca,140,0,9944,6,75,16101,14000US06075016101,Census Tract 161.01,,2295,118,2177,1199,1173,5.14,94.86,52.24,51.11
06075016102,"Census Tract 161.02, San Francisco County, California",ACSSF,ca,140,0,9945,6,75,16102,14000US06075016102,Census Tract 161.02,,2555,293,2262,1411,1213,11.47,88.53,55.23,47.48
06075016200,"Census Tract 162, San Francisco County, California",ACSSF,ca,140,0,9946,6,75,16200,14000US06075016200,Census Tract 162,,3365,97,3268,784,2587,2.88,97.12,23.3,76.88
06075016300,"Census Tract 163, San Francisco County, California",ACSSF,ca,140,0,9947,6,75,16300,14000US06075016300,Census Tract 163,,4423,141,4282,953,3612,3.19,96.81,21.55,81.66
06075016400,"Census Tract 164, San Francisco County, California",ACSSF,ca,140,0,9948,6,75,16400,14000US06075016400,Census Tract 164,,4109,211,3898,582,3620,5.14,94.86,14.16,88.1
06075016500,"Census Tract 165, San Francisco County, California",ACSSF,ca,140,0,9949,6,75,16500,14000US06075016500,Census Tract 165,,5108,36,5072,899,4361,0.7,99.3,17.6,85.38
06075016601,"Census Tract 166.01, San Francisco County, California",ACSSF,ca,140,0,9950,6,75,16601,14000US06075016601,Census Tract 166.01,,3180,70,3110,686,2673,2.2,97.8,21.57,84.06
06075016602,"Census Tract 166.02, San Francisco County, California",ACSSF,ca,140,0,9951,6,75,16602,14000US06075016602,Census Tract 166.02,,2498,72,2426,329,2309,2.88,97.12,13.17,92.43
06075016700,"Census Tract 167, San Francisco County, California",ACSSF,ca,140,0,9952,6,75,16700,14000US06075016700,Census Tract 167,,5427,105,5322,682,4917,1.93,98.07,12.57,90.6
06075016801,"Census Tract 168.01, San Francisco County, California",ACSSF,ca,140,0,9953,6,75,16801,14000US06075016801,Census Tract 168.01,,4243,137,4106,825,3542,3.23,96.77,19.44,83.48
06075016802,"Census Tract 168.02, San Francisco County, California",ACSSF,ca,140,0,9954,6,75,16802,14000US06075016802,Census Tract 168.02,,3661,121,3540,1267,2572,3.31,96.69,34.61,70.25
06075016900,"Census Tract 169, San Francisco County, California",ACSSF,ca,140,0,9955,6,75,16900,14000US06075016900,Census Tract 169,,3111,92,3019,654,2664,2.96,97.04,21.02,85.63
06075017000,"Census Tract 170, San Francisco County, California",ACSSF,ca,140,0,9956,6,75,17000,14000US06075017000,Census Tract 170,,4375,10,4365,715,4102,0.23,99.77,16.34,93.76
06075017101,"Census Tract 171.01, San Francisco County, California",ACSSF,ca,140,0,9957,6,75,17101,14000US06075017101,Census Tract 171.01,,4249,41,4208,805,3765,0.96,99.04,18.95,88.61
06075017102,"Census Tract 171.02, San Francisco County, California",ACSSF,ca,140,0,9958,6,75,17102,14000US06075017102,Census Tract 171.02,,3665,85,3580,690,3143,2.32,97.68,18.83,85.76
06075017602,"Census Tract 176.02, San Francisco County, California",ACSSF,ca,140,0,9959,6,75,17602,14000US06075017602,Census Tract 176.02,,3218,77,3141,1170,2108,2.39,97.61,36.36,65.51
06075017603,"Census Tract 176.03, San Francisco County, California",ACSSF,ca,140,0,9960,6,75,17603,14000US06075017603,Census Tract 176.03,,4509,212,4297,1484,2961,4.7,95.3,32.91,65.67
06075017604,"Census Tract 176.04, San Francisco County, California",ACSSF,ca,140,0,9961,6,75,17604,14000US06075017604,Census Tract 176.04,,2856,84,2772,711,2125,2.94,97.06,24.89,74.4
06075017700,"Census Tract 177, San Francisco County, California",ACSSF,ca,140,0,9962,6,75,17700,14000US06075017700,Census Tract 177,,1989,116,1873,511,1428,5.83,94.17,25.69,71.79
06075017801,"Census Tract 178.01, San Francisco County, California",ACSSF,ca,140,0,9963,6,75,17801,14000US06075017801,Census Tract 178.01,,3636,0,3636,1861,2127,0,100,51.18,58.5
06075017803,"Census Tract 178.03, San Francisco County, California",ACSSF,ca,140,0,9964,6,75,17803,14000US06075017803,Census Tract 178.03,,2507,45,2462,955,1633,1.79,98.21,38.09,65.14
06075017804,"Census Tract 178.04, San Francisco County, California",ACSSF,ca,140,0,9965,6,75,17804,14000US06075017804,Census Tract 178.04,,4441,174,4267,1401,3018,3.92,96.08,31.55,67.96
06075017903,"Census Tract 179.03, San Francisco County, California",ACSSF,ca,140,0,9966,6,75,17903,14000US06075017903,Census Tract 179.03,,3185,536,2649,1458,1385,16.83,83.17,45.78,43.49
06075018000,"Census Tract 180, San Francisco County, California",ACSSF,ca,140,0,9967,6,75,18000,14000US06075018000,Census Tract 180,,3573,100,3473,1010,2606,2.8,97.2,28.27,72.94
06075020101,"Census Tract 201.01, San Francisco County, California",ACSSF,ca,140,0,9968,6,75,20101,14000US06075020101,Census Tract 201.01,,3550,79,3471,749,3008,2.23,97.77,21.1,84.73
06075020102,"Census Tract 201.02, San Francisco County, California",ACSSF,ca,140,0,9969,6,75,20102,14000US06075020102,Census Tract 201.02,,2941,200,2741,1033,1889,6.8,93.2,35.12,64.23
06075020201,"Census Tract 202.01, San Francisco County, California",ACSSF,ca,140,0,9970,6,75,20201,14000US06075020201,Census Tract 202.01,,2168,64,2104,515,1676,2.95,97.05,23.75,77.31
06075020202,"Census Tract 202.02, San Francisco County, California",ACSSF,ca,140,0,9971,6,75,20202,14000US06075020202,Census Tract 202.02,,4132,0,4132,1714,2626,0,100,41.48,63.55
06075020300,"Census Tract 203, San Francisco County, California",ACSSF,ca,140,0,9972,6,75,20300,14000US06075020300,Census Tract 203,,3521,95,3426,649,3037,2.7,97.3,18.43,86.25
06075020401,"Census Tract 204.01, San Francisco County, California",ACSSF,ca,140,0,9973,6,75,20401,14000US06075020401,Census Tract 204.01,,3271,109,3162,427,2927,3.33,96.67,13.05,89.48
06075020402,"Census Tract 204.02, San Francisco County, California",ACSSF,ca,140,0,9974,6,75,20402,14000US06075020402,Census Tract 204.02,,4419,92,4327,926,3878,2.08,97.92,20.95,87.76
06075020500,"Census Tract 205, San Francisco County, California",ACSSF,ca,140,0,9975,6,75,20500,14000US06075020500,Census Tract 205,,2954,9,2945,580,2554,0.3,99.7,19.63,86.46
06075020601,"Census Tract 206.01, San Francisco County, California",ACSSF,ca,140,0,9976,6,75,20601,14000US06075020601,Census Tract 206.01,,3132,32,3100,838,2450,1.02,98.98,26.76,78.22
06075020602,"Census Tract 206.02, San Francisco County, California",ACSSF,ca,140,0,9977,6,75,20602,14000US06075020602,Census Tract 206.02,,2487,172,2315,688,1894,6.92,93.08,27.66,76.16
06075020701,"Census Tract 207.01, San Francisco County, California",ACSSF,ca,140,0,9978,6,75,20701,14000US06075020701,Census Tract 207.01,,3073,126,2947,547,2564,4.1,95.9,17.8,83.44
06075020702,"Census Tract 207.02, San Francisco County, California",ACSSF,ca,140,0,9979,6,75,20702,14000US06075020702,Census Tract 207.02,,2228,20,2208,581,1895,0.9,99.1,26.08,85.05
06075020801,"Census Tract 208.01, San Francisco County, California",ACSSF,ca,140,0,9980,6,75,20801,14000US06075020801,Census Tract 208.01,,3629,139,3490,1018,2666,3.83,96.17,28.05,73.46
06075020802,"Census Tract 208.02, San Francisco County, California",ACSSF,ca,140,0,9981,6,75,20802,14000US06075020802,Census Tract 208.02,,2604,324,2280,645,1707,12.44,87.56,24.77,65.55
06075020900,"Census Tract 209, San Francisco County, California",ACSSF,ca,140,0,9982,6,75,20900,14000US06075020900,Census Tract 209,,4402,265,4137,1274,3231,6.02,93.98,28.94,73.4
06075021000,"Census Tract 210, San Francisco County, California",ACSSF,ca,140,0,9983,6,75,21000,14000US06075021000,Census Tract 210,,4051,115,3936,748,3408,2.84,97.16,18.46,84.13
06075021100,"Census Tract 211, San Francisco County, California",ACSSF,ca,140,0,9984,6,75,21100,14000US06075021100,Census Tract 211,,3960,80,3880,703,3638,2.02,97.98,17.75,91.87
06075021200,"Census Tract 212, San Francisco County, California",ACSSF,ca,140,0,9985,6,75,21200,14000US06075021200,Census Tract 212,,3007,100,2907,596,2716,3.33,96.67,19.82,90.32
06075021300,"Census Tract 213, San Francisco County, California",ACSSF,ca,140,0,9986,6,75,21300,14000US06075021300,Census Tract 213,,2692,114,2578,424,2507,4.23,95.77,15.75,93.13
06075021400,"Census Tract 214, San Francisco County, California",ACSSF,ca,140,0,9987,6,75,21400,14000US06075021400,Census Tract 214,,3641,24,3617,723,3202,0.66,99.34,19.86,87.94
06075021500,"Census Tract 215, San Francisco County, California",ACSSF,ca,140,0,9988,6,75,21500,14000US06075021500,Census Tract 215,,5622,196,5426,630,5102,3.49,96.51,11.21,90.75
06075021600,"Census Tract 216, San Francisco County, California",ACSSF,ca,140,0,9989,6,75,21600,14000US06075021600,Census Tract 216,,4189,44,4145,912,3708,1.05,98.95,21.77,88.52
06075021700,"Census Tract 217, San Francisco County, California",ACSSF,ca,140,0,9990,6,75,21700,14000US06075021700,Census Tract 217,,4498,91,4407,1192,3758,2.02,97.98,26.5,83.55
06075021800,"Census Tract 218, San Francisco County, California",ACSSF,ca,140,0,9991,6,75,21800,14000US06075021800,Census Tract 218,,4218,117,4101,771,3738,2.77,97.23,18.28,88.62
06075022600,"Census Tract 226, San Francisco County, California",ACSSF,ca,140,0,9992,6,75,22600,14000US06075022600,Census Tract 226,,3570,27,3543,361,3290,0.76,99.24,10.11,92.16
06075022702,"Census Tract 227.02, San Francisco County, California",ACSSF,ca,140,0,9993,6,75,22702,14000US06075022702,Census Tract 227.02,,2218,46,2172,238,1983,2.07,97.93,10.73,89.4
06075022704,"Census Tract 227.04, San Francisco County, California",ACSSF,ca,140,0,9994,6,75,22704,14000US06075022704,Census Tract 227.04,,3565,87,3478,552,3248,2.44,97.56,15.48,91.11
06075022801,"Census Tract 228.01, San Francisco County, California",ACSSF,ca,140,0,9995,6,75,22801,14000US06075022801,Census Tract 228.01,,5057,235,4822,1374,3747,4.65,95.35,27.17,74.1
06075022802,"Census Tract 228.02, San Francisco County, California",ACSSF,ca,140,0,9996,6,75,22802,14000US06075022802,Census Tract 228.02,,2015,24,1991,570,1484,1.19,98.81,28.29,73.65
06075022803,"Census Tract 228.03, San Francisco County, California",ACSSF,ca,140,0,9997,6,75,22803,14000US06075022803,Census Tract 228.03,,4878,488,4390,1181,3463,10,90,24.21,70.99
06075022901,"Census Tract 229.01, San Francisco County, California",ACSSF,ca,140,0,9998,6,75,22901,14000US06075022901,Census Tract 229.01,,4573,616,3957,1416,2670,13.47,86.53,30.96,58.39
06075022902,"Census Tract 229.02, San Francisco County, California",ACSSF,ca,140,0,9999,6,75,22902,14000US06075022902,Census Tract 229.02,,2233,118,2115,727,1665,5.28,94.72,32.56,74.56
06075022903,"Census Tract 229.03, San Francisco County, California",ACSSF,ca,140,0,10000,6,75,22903,14000US06075022903,Census Tract 229.03,,3090,46,3044,826,2447,1.49,98.51,26.73,79.19
06075023001,"Census Tract 230.01, San Francisco County, California",ACSSF,ca,140,0,10001,6,75,23001,14000US06075023001,Census Tract 230.01,,5304,426,4878,1886,3554,8.03,91.97,35.56,67.01
06075023003,"Census Tract 230.03, San Francisco County, California",ACSSF,ca,140,0,10002,6,75,23003,14000US06075023003,Census Tract 230.03,,4179,200,3979,1745,2676,4.79,95.21,41.76,64.03
06075023102,"Census Tract 231.02, San Francisco County, California",ACSSF,ca,140,0,10003,6,75,23102,14000US06075023102,Census Tract 231.02,,3707,144,3563,2198,1698,3.88,96.12,59.29,45.81
06075023103,"Census Tract 231.03, San Francisco County, California",ACSSF,ca,140,0,10004,6,75,23103,14000US06075023103,Census Tract 231.03,,4064,510,3554,2670,1144,12.55,87.45,65.7,28.15
06075023200,"Census Tract 232, San Francisco County, California",ACSSF,ca,140,0,10005,6,75,23200,14000US06075023200,Census Tract 232,,3857,81,3776,1536,2709,2.1,97.9,39.82,70.24
06075023300,"Census Tract 233, San Francisco County, California",ACSSF,ca,140,0,10006,6,75,23300,14000US06075023300,Census Tract 233,,3924,187,3737,1943,2104,4.77,95.23,49.52,53.62
06075023400,"Census Tract 234, San Francisco County, California",ACSSF,ca,140,0,10007,6,75,23400,14000US06075023400,Census Tract 234,,4148,201,3947,1984,2445,4.85,95.15,47.83,58.94
06075025100,"Census Tract 251, San Francisco County, California",ACSSF,ca,140,0,10008,6,75,25100,14000US06075025100,Census Tract 251,,3384,220,3164,858,2635,6.5,93.5,25.35,77.87
06075025200,"Census Tract 252, San Francisco County, California",ACSSF,ca,140,0,10009,6,75,25200,14000US06075025200,Census Tract 252,,5505,65,5440,1608,4472,1.18,98.82,29.21,81.24
06075025300,"Census Tract 253, San Francisco County, California",ACSSF,ca,140,0,10010,6,75,25300,14000US06075025300,Census Tract 253,,4404,157,4247,1045,3614,3.56,96.44,23.73,82.06
06075025401,"Census Tract 254.01, San Francisco County, California",ACSSF,ca,140,0,10011,6,75,25401,14000US06075025401,Census Tract 254.01,,3781,80,3701,737,3131,2.12,97.88,19.49,82.81
06075025402,"Census Tract 254.02, San Francisco County, California",ACSSF,ca,140,0,10012,6,75,25402,14000US06075025402,Census Tract 254.02,,3522,210,3312,1207,2607,5.96,94.04,34.27,74.02
06075025403,"Census Tract 254.03, San Francisco County, California",ACSSF,ca,140,0,10013,6,75,25403,14000US06075025403,Census Tract 254.03,,4692,315,4377,1323,3309,6.71,93.29,28.2,70.52
06075025501,"Census Tract 255.01, San Francisco County, California",ACSSF,ca,140,0,10014,6,75,25501,14000US06075025501,Census Tract 255.01,,4435,123,4312,1399,3220,2.77,97.23,31.54,72.6
06075025502,"Census Tract 255.02, San Francisco County, California",ACSSF,ca,140,0,10015,6,75,25502,14000US06075025502,Census Tract 255.02,,4428,87,4341,1340,3338,1.96,98.04,30.26,75.38
06075025600,"Census Tract 256, San Francisco County, California",ACSSF,ca,140,0,10016,6,75,25600,14000US06075025600,Census Tract 256,,5158,447,4711,2077,3408,8.67,91.33,40.27,66.07
06075025701,"Census Tract 257.01, San Francisco County, California",ACSSF,ca,140,0,10017,6,75,25701,14000US06075025701,Census Tract 257.01,,5424,343,5081,1280,4208,6.32,93.68,23.6,77.58
06075025702,"Census Tract 257.02, San Francisco County, California",ACSSF,ca,140,0,10018,6,75,25702,14000US06075025702,Census Tract 257.02,,3974,47,3927,1642,2769,1.18,98.82,41.32,69.68
06075025800,"Census Tract 258, San Francisco County, California",ACSSF,ca,140,0,10019,6,75,25800,14000US06075025800,Census Tract 258,,2153,79,2074,818,1422,3.67,96.33,37.99,66.05
06075025900,"Census Tract 259, San Francisco County, California",ACSSF,ca,140,0,10020,6,75,25900,14000US06075025900,Census Tract 259,,4409,141,4268,1314,3543,3.2,96.8,29.8,80.36
06075026001,"Census Tract 260.01, San Francisco County, California",ACSSF,ca,140,0,10021,6,75,26001,14000US06075026001,Census Tract 260.01,,6463,412,6051,2217,4497,6.37,93.63,34.3,69.58
06075026002,"Census Tract 260.02, San Francisco County, California",ACSSF,ca,140,0,10022,6,75,26002,14000US06075026002,Census Tract 260.02,,3306,110,3196,1167,2450,3.33,96.67,35.3,74.11
06075026003,"Census Tract 260.03, San Francisco County, California",ACSSF,ca,140,0,10023,6,75,26003,14000US06075026003,Census Tract 260.03,,5085,475,4610,1726,3346,9.34,90.66,33.94,65.8
06075026004,"Census Tract 260.04, San Francisco County, California",ACSSF,ca,140,0,10024,6,75,26004,14000US06075026004,Census Tract 260.04,,4107,167,3940,1482,2832,4.07,95.93,36.08,68.96
06075026100,"Census Tract 261, San Francisco County, California",ACSSF,ca,140,0,10025,6,75,26100,14000US06075026100,Census Tract 261,,7566,660,6906,2361,5053,8.72,91.28,31.21,66.79
06075026201,"Census Tract 262.01, San Francisco County, California",ACSSF,ca,140,0,10026,6,75,26201,14000US06075026201,Census Tract 262.01,,3817,150,3667,1648,2468,3.93,96.07,43.18,64.66
06075026202,"Census Tract 262.02, San Francisco County, California",ACSSF,ca,140,0,10027,6,75,26202,14000US06075026202,Census Tract 262.02,,3839,164,3675,1579,2318,4.27,95.73,41.13,60.38
06075026301,"Census Tract 263.01, San Francisco County, California",ACSSF,ca,140,0,10028,6,75,26301,14000US06075026301,Census Tract 263.01,,5715,326,5389,2918,3131,5.7,94.3,51.06,54.79
06075026302,"Census Tract 263.02, San Francisco County, California",ACSSF,ca,140,0,10029,6,75,26302,14000US06075026302,Census Tract 263.02,,5142,167,4975,2111,3449,3.25,96.75,41.05,67.08
06075026303,"Census Tract 263.03, San Francisco County, California",ACSSF,ca,140,0,10030,6,75,26303,14000US06075026303,Census Tract 263.03,,4746,187,4559,1331,3867,3.94,96.06,28.04,81.48
06075026401,"Census Tract 264.01, San Francisco County, California",ACSSF,ca,140,0,10031,6,75,26401,14000US06075026401,Census Tract 264.01,,3444,79,3365,1475,2261,2.29,97.71,42.83,65.65
06075026402,"Census Tract 264.02, San Francisco County, California",ACSSF,ca,140,0,10032,6,75,26402,14000US06075026402,Census Tract 264.02,,5040,203,4837,1581,3605,4.03,95.97,31.37,71.53
06075026403,"Census Tract 264.03, San Francisco County, California",ACSSF,ca,140,0,10033,6,75,26403,14000US06075026403,Census Tract 264.03,,3755,127,3628,1690,2504,3.38,96.62,45.01,66.68
06075026404,"Census Tract 264.04, San Francisco County, California",ACSSF,ca,140,0,10034,6,75,26404,14000US06075026404,Census Tract 264.04,,2760,160,2600,1067,1724,5.8,94.2,38.66,62.46
06075030101,"Census Tract 301.01, San Francisco County, California",ACSSF,ca,140,0,10035,6,75,30101,14000US06075030101,Census Tract 301.01,,5062,38,5024,1021,4396,0.75,99.25,20.17,86.84
06075030102,"Census Tract 301.02, San Francisco County, California",ACSSF,ca,140,0,10036,6,75,30102,14000US06075030102,Census Tract 301.02,,4731,106,4625,904,4291,2.24,97.76,19.11,90.7
06075030201,"Census Tract 302.01, San Francisco County, California",ACSSF,ca,140,0,10037,6,75,30201,14000US06075030201,Census Tract 302.01,,4262,103,4159,1386,3088,2.42,97.58,32.52,72.45
06075030202,"Census Tract 302.02, San Francisco County, California",ACSSF,ca,140,0,10038,6,75,30202,14000US06075030202,Census Tract 302.02,,4013,19,3994,1095,3285,0.47,99.53,27.29,81.86
06075030301,"Census Tract 303.01, San Francisco County, California",ACSSF,ca,140,0,10039,6,75,30301,14000US06075030301,Census Tract 303.01,,6024,203,5821,1363,5040,3.37,96.63,22.63,83.67
06075030302,"Census Tract 303.02, San Francisco County, California",ACSSF,ca,140,0,10040,6,75,30302,14000US06075030302,Census Tract 303.02,,3928,62,3866,1083,3334,1.58,98.42,27.57,84.88
06075030400,"Census Tract 304, San Francisco County, California",ACSSF,ca,140,0,10041,6,75,30400,14000US06075030400,Census Tract 304,,5088,26,5062,1395,4517,0.51,99.49,27.42,88.78
06075030500,"Census Tract 305, San Francisco County, California",ACSSF,ca,140,0,10042,6,75,30500,14000US06075030500,Census Tract 305,,2770,140,2630,691,2351,5.05,94.95,24.95,84.87
06075030600,"Census Tract 306, San Francisco County, California",ACSSF,ca,140,0,10043,6,75,30600,14000US06075030600,Census Tract 306,,2514,42,2472,580,2277,1.67,98.33,23.07,90.57
06075030700,"Census Tract 307, San Francisco County, California",ACSSF,ca,140,0,10044,6,75,30700,14000US06075030700,Census Tract 307,,6959,50,6909,2073,6142,0.72,99.28,29.79,88.26
06075030800,"Census Tract 308, San Francisco County, California",ACSSF,ca,140,0,10045,6,75,30800,14000US06075030800,Census Tract 308,,6010,114,5896,1524,5314,1.9,98.1,25.36,88.42
06075030900,"Census Tract 309, San Francisco County, California",ACSSF,ca,140,0,10046,6,75,30900,14000US06075030900,Census Tract 309,,6762,72,6690,1874,5714,1.06,98.94,27.71,84.5
06075031000,"Census Tract 310, San Francisco County, California",ACSSF,ca,140,0,10047,6,75,31000,14000US06075031000,Census Tract 310,,4089,82,4007,1297,3232,2.01,97.99,31.72,79.04
06075031100,"Census Tract 311, San Francisco County, California",ACSSF,ca,140,0,10048,6,75,31100,14000US06075031100,Census Tract 311,,6295,117,6178,1535,5279,1.86,98.14,24.38,83.86
06075031201,"Census Tract 312.01, San Francisco County, California",ACSSF,ca,140,0,10049,6,75,31201,14000US06075031201,Census Tract 312.01,,6494,302,6192,2923,3696,4.65,95.35,45.01,56.91
06075031202,"Census Tract 312.02, San Francisco County, California",ACSSF,ca,140,0,10050,6,75,31202,14000US06075031202,Census Tract 312.02,,3239,220,3019,904,2376,6.79,93.21,27.91,73.36
06075031301,"Census Tract 313.01, San Francisco County, California",ACSSF,ca,140,0,10051,6,75,31301,14000US06075031301,Census Tract 313.01,,3857,0,3857,1841,2852,0,100,47.73,73.94
06075031302,"Census Tract 313.02, San Francisco County, California",ACSSF,ca,140,0,10052,6,75,31302,14000US06075031302,Census Tract 313.02,,5503,371,5132,1620,3968,6.74,93.26,29.44,72.11
06075031401,"Census Tract 314.01, San Francisco County, California",ACSSF,ca,140,0,10053,6,75,31401,14000US06075031401,Census Tract 314.01,,2378,140,2238,1030,1495,5.89,94.11,43.31,62.87
06075031402,"Census Tract 314.02, San Francisco County, California",ACSSF,ca,140,0,10054,6,75,31402,14000US06075031402,Census Tract 314.02,,4781,156,4625,1208,3861,3.26,96.74,25.27,80.76
06075032601,"Census Tract 326.01, San Francisco County, California",ACSSF,ca,140,0,10055,6,75,32601,14000US06075032601,Census Tract 326.01,,4874,87,4787,1958,3735,1.78,98.22,40.17,76.63
06075032602,"Census Tract 326.02, San Francisco County, California",ACSSF,ca,140,0,10056,6,75,32602,14000US06075032602,Census Tract 326.02,,4505,193,4312,1088,3622,4.28,95.72,24.15,80.4
06075032700,"Census Tract 327, San Francisco County, California",ACSSF,ca,140,0,10057,6,75,32700,14000US06075032700,Census Tract 327,,6932,124,6808,1865,5730,1.79,98.21,26.9,82.66
06075032801,"Census Tract 328.01, San Francisco County, California",ACSSF,ca,140,0,10058,6,75,32801,14000US06075032801,Census Tract 328.01,,3920,109,3811,1337,2843,2.78,97.22,34.11,72.53
06075032802,"Census Tract 328.02, San Francisco County, California",ACSSF,ca,140,0,10059,6,75,32802,14000US06075032802,Census Tract 328.02,,4624,290,4334,1375,3662,6.27,93.73,29.74,79.2
06075032901,"Census Tract 329.01, San Francisco County, California",ACSSF,ca,140,0,10060,6,75,32901,14000US06075032901,Census Tract 329.01,,5341,149,5192,1353,4351,2.79,97.21,25.33,81.46
06075032902,"Census Tract 329.02, San Francisco County, California",ACSSF,ca,140,0,10061,6,75,32902,14000US06075032902,Census Tract 329.02,,4103,59,4044,1709,2925,1.44,98.56,41.65,71.29
06075033001,"Census Tract 330.01, San Francisco County, California",ACSSF,ca,140,0,10062,6,75,33001,14000US06075033001,Census Tract 330.01,,4183,164,4019,1379,3410,3.92,96.08,32.97,81.52
06075033002,"Census Tract 330.02, San Francisco County, California",ACSSF,ca,140,0,10063,6,75,33002,14000US06075033002,Census Tract 330.02,,4208,43,4165,1186,3381,1.02,98.98,28.18,80.35
06075033100,"Census Tract 331, San Francisco County, California",ACSSF,ca,140,0,10064,6,75,33100,14000US06075033100,Census Tract 331,,3929,96,3833,1120,3132,2.44,97.56,28.51,79.71
06075033201,"Census Tract 332.01, San Francisco County, California",ACSSF,ca,140,0,10065,6,75,33201,14000US06075033201,Census Tract 332.01,,4262,221,4041,872,3315,5.19,94.81,20.46,77.78
06075033203,"Census Tract 332.03, San Francisco County, California",ACSSF,ca,140,0,10066,6,75,33203,14000US06075033203,Census Tract 332.03,,3320,123,3197,821,2703,3.7,96.3,24.73,81.42
06075033204,"Census Tract 332.04, San Francisco County, California",ACSSF,ca,140,0,10067,6,75,33204,14000US06075033204,Census Tract 332.04,,4402,393,4009,1601,3032,8.93,91.07,36.37,68.88
06075035101,"Census Tract 351.01, San Francisco County, California",ACSSF,ca,140,0,10068,6,75,35101,14000US06075035101,Census Tract 351.01,,4035,69,3966,1550,2920,1.71,98.29,38.41,72.37
06075035102,"Census Tract 351.02, San Francisco County, California",ACSSF,ca,140,0,10069,6,75,35102,14000US06075035102,Census Tract 351.02,,4734,118,4616,1392,3819,2.49,97.51,29.4,80.67
06075035201,"Census Tract 352.01, San Francisco County, California",ACSSF,ca,140,0,10070,6,75,35201,14000US06075035201,Census Tract 352.01,,5497,388,5109,1648,4174,7.06,92.94,29.98,75.93
06075035202,"Census Tract 352.02, San Francisco County, California",ACSSF,ca,140,0,10071,6,75,35202,14000US06075035202,Census Tract 352.02,,4791,226,4565,1508,3506,4.72,95.28,31.48,73.18
06075035300,"Census Tract 353, San Francisco County, California",ACSSF,ca,140,0,10072,6,75,35300,14000US06075035300,Census Tract 353,,7537,134,7403,1875,6181,1.78,98.22,24.88,82.01
06075035400,"Census Tract 354, San Francisco County, California",ACSSF,ca,140,0,10073,6,75,35400,14000US06075035400,Census Tract 354,,7769,436,7333,2320,6087,5.61,94.39,29.86,78.35
06075040100,"Census Tract 401, San Francisco County, California",ACSSF,ca,140,0,10074,6,75,40100,14000US06075040100,Census Tract 401,,4302,174,4128,750,3724,4.04,95.96,17.43,86.56
06075040200,"Census Tract 402, San Francisco County, California",ACSSF,ca,140,0,10075,6,75,40200,14000US06075040200,Census Tract 402,,5460,44,5416,1300,4646,0.81,99.19,23.81,85.09
06075042601,"Census Tract 426.01, San Francisco County, California",ACSSF,ca,140,0,10076,6,75,42601,14000US06075042601,Census Tract 426.01,,4261,307,3954,1094,3265,7.2,92.8,25.67,76.63
06075042602,"Census Tract 426.02, San Francisco County, California",ACSSF,ca,140,0,10077,6,75,42602,14000US06075042602,Census Tract 426.02,,2615,43,2572,632,2397,1.64,98.36,24.17,91.66
06075042700,"Census Tract 427, San Francisco County, California",ACSSF,ca,140,0,10078,6,75,42700,14000US06075042700,Census Tract 427,,5361,220,5141,1974,4090,4.1,95.9,36.82,76.29
06075042800,"Census Tract 428, San Francisco County, California",ACSSF,ca,140,0,10079,6,75,42800,14000US06075042800,Census Tract 428,,2501,4,2497,786,2229,0.16,99.84,31.43,89.12
06075045100,"Census Tract 451, San Francisco County, California",ACSSF,ca,140,0,10080,6,75,45100,14000US06075045100,Census Tract 451,,5209,173,5036,857,4571,3.32,96.68,16.45,87.75
06075045201,"Census Tract 452.01, San Francisco County, California",ACSSF,ca,140,0,10081,6,75,45201,14000US06075045201,Census Tract 452.01,,3349,0,3349,829,3005,0,100,24.75,89.73
06075045202,"Census Tract 452.02, San Francisco County, California",ACSSF,ca,140,0,10082,6,75,45202,14000US06075045202,Census Tract 452.02,,3396,194,3202,712,2796,5.71,94.29,20.97,82.33
06075047600,"Census Tract 476, San Francisco County, California",ACSSF,ca,140,0,10083,6,75,47600,14000US06075047600,Census Tract 476,,5145,38,5107,1026,4540,0.74,99.26,19.94,88.24
06075047701,"Census Tract 477.01, San Francisco County, California",ACSSF,ca,140,0,10084,6,75,47701,14000US06075047701,Census Tract 477.01,,4978,134,4844,923,4209,2.69,97.31,18.54,84.55
06075047702,"Census Tract 477.02, San Francisco County, California",ACSSF,ca,140,0,10085,6,75,47702,14000US06075047702,Census Tract 477.02,,3541,138,3403,1095,2806,3.9,96.1,30.92,79.24
06075047801,"Census Tract 478.01, San Francisco County, California",ACSSF,ca,140,0,10086,6,75,47801,14000US06075047801,Census Tract 478.01,,4543,155,4388,1117,3808,3.41,96.59,24.59,83.82
06075047802,"Census Tract 478.02, San Francisco County, California",ACSSF,ca,140,0,10087,6,75,47802,14000US06075047802,Census Tract 478.02,,3776,91,3685,1402,2853,2.41,97.59,37.13,75.56
06075047902,"Census Tract 479.02, San Francisco County, California",ACSSF,ca,140,0,10088,6,75,47902,14000US06075047902,Census Tract 479.02,,3610,61,3549,1263,2893,1.69,98.31,34.99,80.14
06075047903,"Census Tract 479.03, San Francisco County, California",ACSSF,ca,140,0,10089,6,75,47903,14000US06075047903,Census Tract 479.03,,4283,35,4248,1256,3557,0.82,99.18,29.33,83.05
06075047904,"Census Tract 479.04, San Francisco County, California",ACSSF,ca,140,0,10090,6,75,47904,14000US06075047904,Census Tract 479.04,,3105,85,3020,972,2456,2.74,97.26,31.3,79.1
06075060100,"Census Tract 601, San Francisco County, California",ACSSF,ca,140,0,10091,6,75,60100,14000US06075060100,Census Tract 601,,4231,74,4157,679,3614,1.75,98.25,16.05,85.42
06075060400,"Census Tract 604, San Francisco County, California",ACSSF,ca,140,0,10092,6,75,60400,14000US06075060400,Census Tract 604,,1595,17,1578,680,1146,1.07,98.93,42.63,71.85
06075060502,"Census Tract 605.02, San Francisco County, California",ACSSF,ca,140,0,10093,6,75,60502,14000US06075060502,Census Tract 605.02,,3539,143,3396,2308,1438,4.04,95.96,65.22,40.63
06075060701,"Census Tract 607.01, San Francisco County, California",ACSSF,ca,140,0,10094,6,75,60701,14000US06075060701,Census Tract 607.01,,7621,248,7373,2067,5521,3.25,96.75,27.12,72.44
06075060702,"Census Tract 607.02, San Francisco County, California",ACSSF,ca,140,0,10095,6,75,60702,14000US06075060702,Census Tract 607.02,,1488,0,1488,411,1077,0,100,27.62,72.38
06075060703,"Census Tract 607.03, San Francisco County, California",ACSSF,ca,140,0,10096,6,75,60703,14000US06075060703,Census Tract 607.03,,5787,62,5725,1222,4570,1.07,98.93,21.12,78.97
06075061000,"Census Tract 610, San Francisco County, California",ACSSF,ca,140,0,10097,6,75,61000,14000US06075061000,Census Tract 610,,4825,191,4634,1620,3472,3.96,96.04,33.58,71.96
06075061101,"Census Tract 611.01, San Francisco County, California",ACSSF,ca,140,0,10098,6,75,61101,14000US06075061101,Census Tract 611.01,,1856,148,1708,1242,599,7.97,92.03,66.92,32.27
06075061102,"Census Tract 611.02, San Francisco County, California",ACSSF,ca,140,0,10099,6,75,61102,14000US06075061102,Census Tract 611.02,,2341,157,2184,1679,702,6.71,93.29,71.72,29.99
06075061200,"Census Tract 612, San Francisco County, California",ACSSF,ca,140,0,10100,6,75,61200,14000US06075061200,Census Tract 612,,3947,92,3855,1681,2466,2.33,97.67,42.59,62.48
06075061401,"Census Tract 614.01, San Francisco County, California",ACSSF,ca,140,0,10101,6,75,61401,14000US06075061401,Census Tract 614.01,,3199,177,3022,819,2504,5.53,94.47,25.6,78.27
06075061402,"Census Tract 614.02, San Francisco County, California",ACSSF,ca,140,0,10102,6,75,61402,14000US06075061402,Census Tract 614.02,,2537,0,2537,504,2180,0,100,19.87,85.93
06075061501,"Census Tract 615.01, San Francisco County, California",ACSSF,ca,140,0,10103,6,75,61501,14000US06075061501,Census Tract 615.01,,1837,5,1832,192,1712,0.27,99.73,10.45,93.2
06075061502,"Census Tract 615.02, San Francisco County, California",ACSSF,ca,140,0,10104,6,75,61502,14000US06075061502,Census Tract 615.02,,1774,104,1670,592,1243,5.86,94.14,33.37,70.07
06075061503,"Census Tract 615.03, San Francisco County, California",ACSSF,ca,140,0,10105,6,75,61503,14000US06075061503,Census Tract 615.03,,3400,221,3179,691,2566,6.5,93.5,20.32,75.47
06075061504,"Census Tract 615.04, San Francisco County, California",ACSSF,ca,140,0,10106,6,75,61504,14000US06075061504,Census Tract 615.04,,1443,0,1443,12,1431,0,100,0.83,99.17
06075061505,"Census Tract 615.05, San Francisco County, California",ACSSF,ca,140,0,10107,6,75,61505,14000US06075061505,Census Tract 615.05,,776,0,776,130,646,0,100,16.75,83.25
06075061506,"Census Tract 615.06, San Francisco County, California",ACSSF,ca,140,0,10108,6,75,61506,14000US06075061506,Census Tract 615.06,,4422,161,4261,290,4025,3.64,96.36,6.56,91.02
06075061507,"Census Tract 615.07, San Francisco County, California",ACSSF,ca,140,0,10109,6,75,61507,14000US06075061507,Census Tract 615.07,,1940,0,1940,847,1201,0,100,43.66,61.91
06075061508,"Census Tract 615.08, San Francisco County, California",ACSSF,ca,140,0,10110,6,75,61508,14000US06075061508,Census Tract 615.08,,2006,63,1943,524,1661,3.14,96.86,26.12,82.8
06075980200,"Census Tract 9802, San Francisco County, California",ACSSF,ca,140,0,10111,6,75,980200,14000US06075980200,Census Tract 9802,,0,0,0,0,0,,,,
06075980300,"Census Tract 9803, San Francisco County, California",ACSSF,ca,140,0,10112,6,75,980300,14000US06075980300,Census Tract 9803,,25,0,25,10,20,0,100,40,80
06075980401,"Census Tract 9804.01, San Francisco County, California",ACSSF,ca,140,0,10113,6,75,980401,14000US06075980401,Census Tract 9804.01,,0,0,0,0,0,,,,
06075980501,"Census Tract 9805.01, San Francisco County, California",ACSSF,ca,140,0,10114,6,75,980501,14000US06075980501,Census Tract 9805.01,,104,0,104,104,0,0,100,100,0
06075980600,"Census Tract 9806, San Francisco County, California",ACSSF,ca,140,0,10115,6,75,980600,14000US06075980600,Census Tract 9806,,966,53,913,295,643,5.49,94.51,30.54,66.56
06075980900,"Census Tract 9809, San Francisco County, California",ACSSF,ca,140,0,10116,6,75,980900,14000US06075980900,Census Tract 9809,,296,15,281,77,204,5.07,94.93,26.01,68.92
06075990100,"Census Tract 9901, San Francisco County, California",ACSSF,ca,140,0,10117,6,75,990100,14000US06075990100,Census Tract 9901,,0,0,0,0,0,,,,
06075990200,"Census Tract 9902, San Francisco County, California",ACSSF,ca,140,0,10118,6,75,990200,14000US06075990200,Census Tract 9902,,0,0,0,0,0,,,,